{"cameraMode":{"drawMode":0,"name":"Shaded","section":"Shading Mode"},"sceneLighting":false,"audioPlay":false,"sceneViewState":{"showFog":true,"showMaterialUpdate":false,"showSkybox":false,"showFlares":true,"showImageEffects":true,"showParticleSystems":true},"in2DMode":false,"pivot":{"x":-31.445892333984376,"y":-6.119166851043701,"z":-3.388510227203369},"rotation":{"x":-0.07063361257314682,"y":0.05742167681455612,"z":-0.004073326475918293,"w":-0.9958494305610657},"size":19.98248291015625,"orthographic":false}