{"cameraMode":{"drawMode":0,"name":"Shaded","section":"Shading Mode"},"sceneLighting":true,"audioPlay":false,"sceneViewState":{"showFog":true,"showMaterialUpdate":false,"showSkybox":false,"showFlares":true,"showImageEffects":true,"showParticleSystems":true},"in2DMode":false,"pivot":{"x":21.996782302856447,"y":-1.7979426383972169,"z":-0.10071945190429688},"rotation":{"x":-0.04978583753108978,"y":-0.01138839591294527,"z":0.0005671770195476711,"w":-0.9986994862556458},"size":5.892436981201172,"orthographic":false}